<?xml version="1.0" encoding="UTF-8"?>

<atlassian-plugin key="com.atlassian.bill.thumbnail-galleries-extension" name="Thumbnail Galleries Extension" plugins-version="2">
  <plugin-info>
    <description>Display all image thumbnails on a page within a gallery slideshow</description>
    <version>1.0-SNAPSHOT</version>
    <vendor name="Atlassian" url="http://www.atlassian.com/"/>
    <description/>
  </plugin-info>
  <scoped-web-resource key="annotate">
    <resource type="download" name="image-attachments.js" location="js/image-attachments.js"/>
    <context>page</context>
    <context>blogpost</context>
  </scoped-web-resource>
</atlassian-plugin>
