<atlassian-plugin key="com.mike.speakeasy.googletest" name="Test Speakeasy Google Extension" plugins-version="2">
    <plugin-info>
        <description>Mike's test extension. Does nothing but adds "Google" to the admin menu.</description>
        <version>1.0</version>
        <vendor name="Mike" url="http://www.atlassian.com" />
    </plugin-info>

    <!-- admin links -->
    <scoped-web-item key="refimpl-speakeasy-admin-menu" name="Google" section="system.admin/general"  weight="1" application="refapp">
        <label>Google</label>
        <link linkId="google-admin-link">http://www.google.com</link>
    </scoped-web-item>
    
    <scoped-web-item key="confluence-speakeasy-admin-menu" name="Google" section="system.admin/configuration"  weight="40" application="com.atlassian.confluence">
        <label>Google</label>
        <link linkId="google-admin-link">http://www.google.com</link>
    </scoped-web-item>

    <scoped-web-item key="jira-speakeasy-admin-menu" name="Google" section="system.admin/system"  weight="145" application="jira">
        <label>Google</label>
        <link linkId="google-admin-link">http://www.google.com</link>
    </scoped-web-item>

    <scoped-web-item key="bamboo-speakeasy-admin-menu" name="Google" section="system.admin/system"  weight="15" application="bamboo">
        <label>Google</label>
        <link linkId="google-admin-link">http://www.google.com</link>
    </scoped-web-item>

    <scoped-web-item key="fecru-speakeasy-admin-menu" name="Google" section="system.admin/system"  weight="15" application="fisheye">
        <label>google-admin-link</label>
        <link linkId="google-admin-link">http://www.google.com</link>
    </scoped-web-item>   
</atlassian-plugin>
